user_id,signup_date,last_login_date,plan_type,monthly_fee
U0001,4/13/2023,2/24/2024,Basic,20
U0002,12/15/2023,1/2/2024,Pro,50
U0003,9/28/2023,2/18/2024,Basic,20
U0004,4/17/2023,1/28/2024,Pro,50
U0005,3/13/2023,2/1/2024,Basic,20
U0006,7/8/2023,1/27/2024,Basic,20
U0007,1/21/2023,1/20/2024,Basic,20
U0008,4/13/2023,1/24/2024,Pro,50
U0009,5/2/2023,1/12/2024,Pro,50
U0010,8/3/2023,2/19/2024,Pro,50
U0011,11/27/2023,2/4/2024,Basic,20
U0012,3/29/2023,2/29/2024,Pro,50
U0013,4/10/2023,2/2/2024,Basic,20
U0014,12/26/2023,2/2/2024,Basic,20
U0015,6/1/2023,2/20/2024,Basic,20
U0016,5/11/2023,2/12/2024,Pro,50
U0017,5/30/2023,2/6/2024,Basic,20
U0018,11/5/2023,1/12/2024,Pro,50
U0019,9/15/2023,1/3/2024,Pro,50
U0020,12/10/2023,1/1/2024,Basic,20
U0021,10/21/2023,2/2/2024,Basic,20
U0022,7/11/2023,2/9/2024,Basic,20
U0023,10/4/2023,1/10/2024,Basic,20
U0024,6/10/2023,2/12/2024,Basic,20
U0025,11/10/2023,2/13/2024,Basic,20
U0026,1/22/2023,1/29/2024,Pro,50
U0027,9/10/2023,1/13/2024,Basic,20
U0028,8/24/2023,1/12/2024,Pro,50
U0029,12/11/2023,1/31/2024,Pro,50
U0030,2/18/2023,2/15/2024,Pro,50
U0031,2/28/2023,1/2/2024,Pro,50
U0032,6/19/2023,2/20/2024,Pro,50
U0033,7/7/2023,2/19/2024,Basic,20
U0034,9/28/2023,2/4/2024,Basic,20
U0035,7/9/2023,1/23/2024,Pro,50
U0036,6/24/2023,1/17/2024,Pro,50
U0037,2/20/2023,1/26/2024,Basic,20
U0038,12/30/2023,1/8/2024,Basic,20
U0039,2/24/2023,1/29/2024,Basic,20
U0040,9/1/2023,1/26/2024,Enterprise,100
U0041,11/16/2023,1/10/2024,Basic,20
U0042,5/11/2023,1/26/2024,Basic,20
U0043,11/3/2023,2/3/2024,Basic,20
U0044,5/15/2023,2/20/2024,Basic,20
U0045,1/21/2023,2/10/2024,Pro,50
U0046,11/25/2023,1/7/2024,Basic,20
U0047,6/16/2023,1/4/2024,Pro,50
U0048,10/1/2023,2/27/2024,Basic,20
U0049,3/30/2023,2/22/2024,Pro,50
U0050,11/12/2023,2/19/2024,Basic,20
U0051,1/14/2023,2/14/2024,Basic,20
U0052,8/30/2023,1/11/2024,Pro,50
U0053,9/22/2023,1/29/2024,Enterprise,100
U0054,12/12/2023,2/25/2024,Pro,50
U0055,2/22/2023,2/5/2024,Pro,50
U0056,12/6/2023,1/25/2024,Enterprise,100
U0057,4/2/2023,1/21/2024,Basic,20
U0058,9/21/2023,2/26/2024,Enterprise,100
U0059,2/4/2023,2/5/2024,Basic,20
U0060,7/25/2023,1/10/2024,Pro,50
U0061,3/22/2023,2/6/2024,Pro,50
U0062,2/19/2023,1/9/2024,Pro,50
U0063,12/26/2023,1/24/2024,Basic,20
U0064,1/2/2023,2/4/2024,Basic,20
U0065,2/23/2023,2/18/2024,Pro,50
U0066,4/16/2023,2/4/2024,Basic,20
U0067,9/17/2023,2/17/2024,Enterprise,100
U0068,11/6/2023,2/5/2024,Pro,50
U0069,7/10/2023,1/18/2024,Basic,20
U0070,8/6/2023,2/18/2024,Pro,50
U0071,2/13/2023,2/8/2024,Basic,20
U0072,6/11/2023,2/1/2024,Pro,50
U0073,7/21/2023,1/24/2024,Pro,50
U0074,9/27/2023,1/23/2024,Basic,20
U0075,12/17/2023,2/1/2024,Basic,20
U0076,10/31/2023,2/6/2024,Enterprise,100
U0077,9/28/2023,1/12/2024,Basic,20
U0078,8/3/2023,2/18/2024,Pro,50
U0079,9/9/2023,2/24/2024,Basic,20
U0080,7/9/2023,1/13/2024,Basic,20
U0081,10/23/2023,1/23/2024,Basic,20
U0082,8/1/2023,1/25/2024,Basic,20
U0083,7/27/2023,2/4/2024,Basic,20
U0084,8/25/2023,2/10/2024,Pro,50
U0085,12/4/2023,1/30/2024,Basic,20
U0086,2/22/2023,1/17/2024,Basic,20
U0087,10/7/2023,2/18/2024,Basic,20
U0088,8/5/2023,1/20/2024,Basic,20
U0089,9/9/2023,2/17/2024,Basic,20
U0090,7/7/2023,1/25/2024,Pro,50
U0091,2/10/2023,1/22/2024,Pro,50
U0092,6/6/2023,1/13/2024,Basic,20
U0093,1/15/2023,2/28/2024,Pro,50
U0094,10/28/2023,1/19/2024,Pro,50
U0095,3/6/2023,2/18/2024,Basic,20
U0096,12/11/2023,2/5/2024,Enterprise,100
U0097,11/23/2023,1/12/2024,Enterprise,100
U0098,1/9/2023,2/10/2024,Basic,20
U0099,12/10/2023,1/19/2024,Basic,20
U0100,5/9/2023,1/12/2024,Enterprise,100
U0101,5/16/2023,1/9/2024,Pro,50
U0102,3/4/2023,1/7/2024,Basic,20
U0103,5/19/2023,1/28/2024,Pro,50
U0104,3/22/2023,1/14/2024,Pro,50
U0105,6/12/2023,1/31/2024,Pro,50
U0106,10/16/2023,2/21/2024,Pro,50
U0107,9/18/2023,1/19/2024,Pro,50
U0108,8/19/2023,2/27/2024,Basic,20
U0109,2/10/2023,2/16/2024,Basic,20
U0110,1/28/2023,1/16/2024,Pro,50
U0111,5/15/2023,2/22/2024,Enterprise,100
U0112,7/20/2023,1/5/2024,Basic,20
U0113,11/24/2023,2/4/2024,Pro,50
U0114,9/25/2023,1/12/2024,Pro,50
U0115,2/2/2023,1/25/2024,Basic,20
U0116,2/17/2023,2/21/2024,Pro,50
U0117,3/3/2023,2/28/2024,Pro,50
U0118,8/4/2023,1/21/2024,Pro,50
U0119,10/20/2023,2/5/2024,Basic,20
U0120,4/9/2023,2/22/2024,Basic,20
U0121,6/21/2023,1/23/2024,Pro,50
U0122,12/26/2023,1/16/2024,Basic,20
U0123,8/2/2023,2/26/2024,Basic,20
U0124,2/4/2023,2/8/2024,Basic,20
U0125,8/15/2023,2/14/2024,Basic,20
U0126,4/11/2023,2/22/2024,Basic,20
U0127,5/11/2023,2/11/2024,Basic,20
U0128,9/14/2023,2/27/2024,Basic,20
U0129,1/5/2023,2/8/2024,Basic,20
U0130,8/6/2023,1/14/2024,Pro,50
U0131,9/12/2023,1/31/2024,Pro,50
U0132,12/25/2023,2/27/2024,Basic,20
U0133,10/10/2023,1/5/2024,Pro,50
U0134,7/26/2023,2/4/2024,Basic,20
U0135,1/15/2023,1/23/2024,Pro,50
U0136,12/12/2023,1/29/2024,Pro,50
U0137,2/11/2023,2/12/2024,Enterprise,100
U0138,6/28/2023,1/11/2024,Pro,50
U0139,3/4/2023,1/18/2024,Pro,50
U0140,12/18/2023,2/16/2024,Pro,50
U0141,8/19/2023,1/12/2024,Basic,20
U0142,8/29/2023,1/9/2024,Basic,20
U0143,2/21/2023,1/10/2024,Pro,50
U0144,4/6/2023,2/27/2024,Basic,20
U0145,8/10/2023,2/13/2024,Pro,50
U0146,8/19/2023,1/17/2024,Basic,20
U0147,8/25/2023,2/7/2024,Basic,20
U0148,5/23/2023,1/7/2024,Basic,20
U0149,6/20/2023,2/15/2024,Basic,20
U0150,1/29/2023,1/13/2024,Pro,50
U0151,2/5/2023,2/9/2024,Basic,20
U0152,1/13/2023,2/11/2024,Basic,20
U0153,6/9/2023,1/9/2024,Basic,20
U0154,11/23/2023,2/19/2024,Basic,20
U0155,7/6/2023,1/27/2024,Pro,50
U0156,8/31/2023,2/27/2024,Basic,20
U0157,3/27/2023,1/2/2024,Pro,50
U0158,10/11/2023,1/5/2024,Pro,50
U0159,3/7/2023,1/29/2024,Pro,50
U0160,6/19/2023,2/6/2024,Pro,50
U0161,2/14/2023,2/7/2024,Pro,50
U0162,3/3/2023,1/19/2024,Enterprise,100
U0163,5/14/2023,1/8/2024,Basic,20
U0164,10/11/2023,2/17/2024,Basic,20
U0165,1/28/2023,2/14/2024,Basic,20
U0166,4/18/2023,1/1/2024,Basic,20
U0167,2/13/2023,1/22/2024,Pro,50
U0168,12/6/2023,2/21/2024,Enterprise,100
U0169,10/13/2023,1/17/2024,Basic,20
U0170,11/27/2023,1/7/2024,Basic,20
U0171,5/8/2023,1/25/2024,Basic,20
U0172,12/14/2023,2/14/2024,Pro,50
U0173,8/19/2023,1/4/2024,Pro,50
U0174,7/9/2023,2/5/2024,Basic,20
U0175,8/13/2023,1/6/2024,Enterprise,100
U0176,10/10/2023,2/29/2024,Pro,50
U0177,5/1/2023,1/31/2024,Basic,20
U0178,4/26/2023,1/19/2024,Pro,50
U0179,8/21/2023,2/13/2024,Pro,50
U0180,9/16/2023,2/23/2024,Basic,20
U0181,12/25/2023,2/8/2024,Basic,20
U0182,7/17/2023,1/27/2024,Basic,20
U0183,5/17/2023,1/10/2024,Basic,20
U0184,11/14/2023,1/26/2024,Pro,50
U0185,6/14/2023,1/19/2024,Enterprise,100
U0186,8/13/2023,2/8/2024,Basic,20
U0187,11/3/2023,1/3/2024,Basic,20
U0188,8/22/2023,2/14/2024,Basic,20
U0189,6/21/2023,1/13/2024,Basic,20
U0190,6/1/2023,2/19/2024,Pro,50
U0191,11/11/2023,1/28/2024,Basic,20
U0192,6/9/2023,2/27/2024,Basic,20
U0193,4/6/2023,1/20/2024,Basic,20
U0194,8/21/2023,1/28/2024,Pro,50
U0195,6/29/2023,1/8/2024,Basic,20
U0196,4/23/2023,2/10/2024,Pro,50
U0197,11/14/2023,2/8/2024,Basic,20
U0198,2/21/2023,1/1/2024,Pro,50
U0199,9/25/2023,1/3/2024,Pro,50
U0200,10/22/2023,1/13/2024,Basic,20
U0201,4/23/2023,1/28/2024,Basic,20
U0202,4/11/2023,2/26/2024,Pro,50
U0203,4/23/2023,2/29/2024,Enterprise,100
U0204,3/22/2023,2/18/2024,Basic,20
U0205,7/6/2023,1/25/2024,Basic,20
U0206,4/23/2023,2/25/2024,Enterprise,100
U0207,1/2/2023,2/2/2024,Pro,50
U0208,5/10/2023,2/7/2024,Basic,20
U0209,8/8/2023,2/22/2024,Enterprise,100
U0210,2/23/2023,1/6/2024,Basic,20
U0211,12/9/2023,2/27/2024,Pro,50
U0212,8/12/2023,2/13/2024,Basic,20
U0213,8/13/2023,2/14/2024,Basic,20
U0214,5/6/2023,2/1/2024,Basic,20
U0215,5/10/2023,2/14/2024,Pro,50
U0216,2/22/2023,2/16/2024,Basic,20
U0217,6/21/2023,1/21/2024,Basic,20
U0218,8/6/2023,1/16/2024,Basic,20
U0219,6/9/2023,2/23/2024,Basic,20
U0220,7/17/2023,1/21/2024,Enterprise,100
U0221,9/4/2023,1/11/2024,Basic,20
U0222,11/20/2023,2/29/2024,Pro,50
U0223,7/22/2023,2/6/2024,Pro,50
U0224,7/3/2023,2/5/2024,Basic,20
U0225,5/3/2023,2/4/2024,Basic,20
U0226,9/12/2023,1/19/2024,Basic,20
U0227,10/21/2023,1/20/2024,Basic,20
U0228,10/7/2023,2/26/2024,Basic,20
U0229,11/21/2023,1/18/2024,Basic,20
U0230,4/8/2023,2/16/2024,Pro,50
U0231,7/17/2023,2/10/2024,Basic,20
U0232,8/28/2023,2/18/2024,Basic,20
U0233,5/24/2023,1/14/2024,Pro,50
U0234,4/7/2023,1/15/2024,Basic,20
U0235,7/20/2023,1/31/2024,Pro,50
U0236,5/4/2023,1/1/2024,Pro,50
U0237,7/6/2023,2/22/2024,Basic,20
U0238,11/22/2023,2/23/2024,Pro,50
U0239,12/15/2023,2/23/2024,Basic,20
U0240,9/16/2023,1/3/2024,Basic,20
U0241,5/28/2023,1/16/2024,Basic,20
U0242,9/9/2023,1/23/2024,Basic,20
U0243,12/12/2023,2/26/2024,Pro,50
U0244,5/27/2023,1/11/2024,Basic,20
U0245,5/28/2023,1/12/2024,Basic,20
U0246,12/18/2023,1/10/2024,Basic,20
U0247,7/18/2023,2/1/2024,Pro,50
U0248,11/4/2023,1/16/2024,Basic,20
U0249,5/8/2023,1/8/2024,Pro,50
U0250,2/8/2023,2/7/2024,Basic,20
U0251,12/4/2023,1/12/2024,Pro,50
U0252,12/26/2023,1/24/2024,Enterprise,100
U0253,5/9/2023,1/28/2024,Pro,50
U0254,9/24/2023,2/22/2024,Pro,50
U0255,5/31/2023,1/8/2024,Basic,20
U0256,10/25/2023,2/27/2024,Pro,50
U0257,4/9/2023,1/28/2024,Basic,20
U0258,9/20/2023,2/5/2024,Basic,20
U0259,9/9/2023,1/26/2024,Basic,20
U0260,5/24/2023,1/8/2024,Pro,50
U0261,12/12/2023,2/27/2024,Basic,20
U0262,4/22/2023,2/29/2024,Pro,50
U0263,3/1/2023,2/19/2024,Pro,50
U0264,1/2/2023,1/28/2024,Pro,50
U0265,10/31/2023,1/28/2024,Pro,50
U0266,9/11/2023,2/6/2024,Pro,50
U0267,5/20/2023,2/10/2024,Enterprise,100
U0268,2/6/2023,2/5/2024,Pro,50
U0269,6/9/2023,1/27/2024,Pro,50
U0270,1/9/2023,2/23/2024,Enterprise,100
U0271,8/21/2023,1/17/2024,Enterprise,100
U0272,4/9/2023,1/9/2024,Basic,20
U0273,5/27/2023,2/2/2024,Basic,20
U0274,10/31/2023,2/22/2024,Basic,20
U0275,7/27/2023,1/20/2024,Basic,20
U0276,5/11/2023,1/13/2024,Pro,50
U0277,6/1/2023,1/28/2024,Pro,50
U0278,2/23/2023,2/17/2024,Pro,50
U0279,4/30/2023,1/29/2024,Basic,20
U0280,6/10/2023,1/13/2024,Pro,50
U0281,4/26/2023,2/15/2024,Pro,50
U0282,3/16/2023,2/4/2024,Pro,50
U0283,4/23/2023,1/6/2024,Enterprise,100
U0284,4/14/2023,1/18/2024,Pro,50
U0285,12/6/2023,2/20/2024,Basic,20
U0286,9/11/2023,1/5/2024,Pro,50
U0287,8/15/2023,2/16/2024,Basic,20
U0288,4/22/2023,1/25/2024,Basic,20
U0289,4/9/2023,1/2/2024,Pro,50
U0290,6/2/2023,1/10/2024,Basic,20
U0291,12/15/2023,2/25/2024,Pro,50
U0292,12/4/2023,1/30/2024,Basic,20
U0293,7/13/2023,2/19/2024,Pro,50
U0294,11/6/2023,2/28/2024,Basic,20
U0295,6/12/2023,2/14/2024,Enterprise,100
U0296,7/27/2023,1/5/2024,Pro,50
U0297,6/18/2023,2/24/2024,Basic,20
U0298,6/10/2023,2/25/2024,Pro,50
U0299,3/9/2023,2/2/2024,Enterprise,100
U0300,10/16/2023,2/23/2024,Basic,20
U0301,10/4/2023,1/1/2024,Basic,20
U0302,10/31/2023,1/18/2024,Basic,20
U0303,5/15/2023,2/1/2024,Basic,20
U0304,7/14/2023,2/16/2024,Pro,50
U0305,5/8/2023,2/18/2024,Pro,50
U0306,2/2/2023,1/11/2024,Basic,20
U0307,6/25/2023,1/21/2024,Basic,20
U0308,1/22/2023,1/26/2024,Pro,50
U0309,8/26/2023,1/25/2024,Basic,20
U0310,6/7/2023,1/22/2024,Basic,20
U0311,2/7/2023,2/28/2024,Enterprise,100
U0312,8/18/2023,1/27/2024,Pro,50
U0313,12/31/2023,2/18/2024,Pro,50
U0314,2/20/2023,1/13/2024,Pro,50
U0315,9/21/2023,2/2/2024,Basic,20
U0316,10/10/2023,2/3/2024,Pro,50
U0317,1/27/2023,2/10/2024,Basic,20
U0318,8/14/2023,2/4/2024,Basic,20
U0319,10/4/2023,1/1/2024,Basic,20
U0320,10/13/2023,1/21/2024,Basic,20
U0321,4/7/2023,2/17/2024,Pro,50
U0322,10/11/2023,2/24/2024,Basic,20
U0323,11/13/2023,1/6/2024,Basic,20
U0324,10/31/2023,1/28/2024,Basic,20
U0325,5/27/2023,1/17/2024,Basic,20
U0326,1/4/2023,1/5/2024,Pro,50
U0327,2/4/2023,1/31/2024,Basic,20
U0328,7/11/2023,1/5/2024,Pro,50
U0329,2/18/2023,2/7/2024,Basic,20
U0330,1/17/2023,1/3/2024,Pro,50
U0331,6/21/2023,2/22/2024,Pro,50
U0332,8/8/2023,1/23/2024,Basic,20
U0333,6/7/2023,2/6/2024,Pro,50
U0334,2/15/2023,2/22/2024,Basic,20
U0335,1/6/2023,2/6/2024,Basic,20
U0336,4/9/2023,1/10/2024,Enterprise,100
U0337,8/21/2023,1/10/2024,Basic,20
U0338,2/6/2023,1/19/2024,Basic,20
U0339,10/7/2023,1/17/2024,Pro,50
U0340,12/15/2023,1/21/2024,Basic,20
U0341,10/29/2023,1/14/2024,Pro,50
U0342,6/30/2023,1/9/2024,Basic,20
U0343,4/5/2023,2/15/2024,Enterprise,100
U0344,4/9/2023,1/1/2024,Pro,50
U0345,7/7/2023,2/20/2024,Pro,50
U0346,4/26/2023,2/14/2024,Enterprise,100
U0347,7/10/2023,1/13/2024,Basic,20
U0348,9/10/2023,1/4/2024,Enterprise,100
U0349,6/10/2023,1/1/2024,Basic,20
U0350,9/13/2023,2/18/2024,Basic,20
U0351,11/19/2023,2/9/2024,Basic,20
U0352,5/8/2023,2/1/2024,Basic,20
U0353,1/18/2023,2/3/2024,Basic,20
U0354,10/8/2023,1/28/2024,Pro,50
U0355,8/11/2023,1/31/2024,Pro,50
U0356,2/23/2023,1/8/2024,Enterprise,100
U0357,2/27/2023,2/8/2024,Basic,20
U0358,11/19/2023,1/26/2024,Pro,50
U0359,12/26/2023,2/27/2024,Basic,20
U0360,6/23/2023,2/3/2024,Basic,20
U0361,10/7/2023,2/23/2024,Basic,20
U0362,4/24/2023,2/23/2024,Basic,20
U0363,10/15/2023,1/3/2024,Pro,50
U0364,12/8/2023,2/28/2024,Pro,50
U0365,5/31/2023,2/19/2024,Basic,20
U0366,5/7/2023,1/12/2024,Basic,20
U0367,6/4/2023,1/1/2024,Basic,20
U0368,9/30/2023,2/23/2024,Basic,20
U0369,4/14/2023,2/13/2024,Enterprise,100
U0370,10/26/2023,1/5/2024,Basic,20
U0371,9/3/2023,1/30/2024,Basic,20
U0372,6/25/2023,1/30/2024,Basic,20
U0373,2/8/2023,2/28/2024,Pro,50
U0374,6/19/2023,2/26/2024,Enterprise,100
U0375,9/4/2023,1/17/2024,Pro,50
U0376,1/26/2023,2/17/2024,Pro,50
U0377,12/21/2023,2/16/2024,Basic,20
U0378,11/2/2023,1/23/2024,Basic,20
U0379,1/13/2023,1/15/2024,Enterprise,100
U0380,11/12/2023,2/6/2024,Pro,50
U0381,11/9/2023,1/21/2024,Pro,50
U0382,2/5/2023,1/14/2024,Pro,50
U0383,6/22/2023,1/2/2024,Pro,50
U0384,1/20/2023,1/11/2024,Pro,50
U0385,11/17/2023,2/20/2024,Enterprise,100
U0386,9/21/2023,2/8/2024,Enterprise,100
U0387,5/22/2023,2/7/2024,Pro,50
U0388,5/23/2023,2/29/2024,Pro,50
U0389,4/2/2023,2/3/2024,Basic,20
U0390,12/20/2023,2/7/2024,Pro,50
U0391,11/18/2023,2/19/2024,Basic,20
U0392,10/15/2023,2/3/2024,Pro,50
U0393,8/3/2023,1/18/2024,Enterprise,100
U0394,12/8/2023,1/30/2024,Pro,50
U0395,2/20/2023,1/15/2024,Basic,20
U0396,6/2/2023,1/27/2024,Basic,20
U0397,7/5/2023,2/20/2024,Basic,20
U0398,3/4/2023,2/3/2024,Pro,50
U0399,7/9/2023,2/21/2024,Basic,20
U0400,5/5/2023,2/26/2024,Basic,20
U0401,5/30/2023,2/7/2024,Basic,20
U0402,11/10/2023,2/2/2024,Pro,50
U0403,2/27/2023,1/24/2024,Pro,50
U0404,12/8/2023,1/15/2024,Basic,20
U0405,11/1/2023,2/29/2024,Basic,20
U0406,6/29/2023,1/30/2024,Basic,20
U0407,6/19/2023,2/24/2024,Pro,50
U0408,11/22/2023,2/11/2024,Pro,50
U0409,9/28/2023,2/20/2024,Basic,20
U0410,2/23/2023,1/17/2024,Pro,50
U0411,4/11/2023,1/5/2024,Basic,20
U0412,9/21/2023,1/29/2024,Pro,50
U0413,2/22/2023,1/4/2024,Basic,20
U0414,3/1/2023,1/10/2024,Basic,20
U0415,4/18/2023,2/25/2024,Basic,20
U0416,1/5/2023,1/17/2024,Pro,50
U0417,4/13/2023,1/10/2024,Pro,50
U0418,7/15/2023,1/17/2024,Basic,20
U0419,9/19/2023,2/29/2024,Pro,50
U0420,12/31/2023,1/20/2024,Pro,50
U0421,12/16/2023,1/24/2024,Basic,20
U0422,2/16/2023,1/5/2024,Basic,20
U0423,12/21/2023,2/3/2024,Pro,50
U0424,11/7/2023,1/6/2024,Basic,20
U0425,11/4/2023,2/22/2024,Basic,20
U0426,5/24/2023,1/2/2024,Enterprise,100
U0427,9/26/2023,1/13/2024,Basic,20
U0428,5/4/2023,2/12/2024,Basic,20
U0429,4/16/2023,2/12/2024,Basic,20
U0430,6/7/2023,2/17/2024,Enterprise,100
U0431,5/27/2023,1/11/2024,Basic,20
U0432,5/25/2023,2/20/2024,Basic,20
U0433,4/30/2023,2/16/2024,Basic,20
U0434,11/15/2023,2/26/2024,Basic,20
U0435,10/2/2023,1/23/2024,Basic,20
U0436,4/2/2023,2/24/2024,Basic,20
U0437,2/27/2023,1/16/2024,Pro,50
U0438,12/12/2023,1/31/2024,Basic,20
U0439,8/17/2023,1/11/2024,Basic,20
U0440,4/27/2023,2/23/2024,Basic,20
U0441,11/14/2023,1/16/2024,Basic,20
U0442,10/6/2023,1/8/2024,Basic,20
U0443,5/7/2023,1/4/2024,Pro,50
U0444,5/9/2023,2/9/2024,Basic,20
U0445,2/27/2023,1/4/2024,Basic,20
U0446,5/2/2023,2/25/2024,Basic,20
U0447,1/1/2023,1/25/2024,Pro,50
U0448,8/27/2023,1/3/2024,Pro,50
U0449,10/17/2023,2/1/2024,Pro,50
U0450,4/6/2023,1/3/2024,Basic,20
U0451,5/6/2023,1/27/2024,Enterprise,100
U0452,4/28/2023,1/29/2024,Basic,20
U0453,2/17/2023,2/1/2024,Basic,20
U0454,3/30/2023,2/19/2024,Basic,20
U0455,8/25/2023,2/27/2024,Basic,20
U0456,9/29/2023,2/20/2024,Enterprise,100
U0457,7/8/2023,1/19/2024,Pro,50
U0458,7/11/2023,1/21/2024,Basic,20
U0459,3/10/2023,1/5/2024,Pro,50
U0460,10/5/2023,1/18/2024,Enterprise,100
U0461,12/15/2023,1/28/2024,Pro,50
U0462,9/4/2023,2/11/2024,Pro,50
U0463,3/17/2023,1/22/2024,Enterprise,100
U0464,6/3/2023,1/21/2024,Enterprise,100
U0465,5/24/2023,1/6/2024,Pro,50
U0466,3/27/2023,1/1/2024,Basic,20
U0467,7/4/2023,1/5/2024,Basic,20
U0468,10/12/2023,2/10/2024,Pro,50
U0469,8/8/2023,1/12/2024,Basic,20
U0470,3/10/2023,1/26/2024,Pro,50
U0471,2/16/2023,2/15/2024,Basic,20
U0472,4/4/2023,2/3/2024,Basic,20
U0473,8/26/2023,2/18/2024,Basic,20
U0474,7/23/2023,1/14/2024,Basic,20
U0475,8/6/2023,1/26/2024,Enterprise,100
U0476,12/7/2023,2/14/2024,Pro,50
U0477,2/8/2023,1/27/2024,Pro,50
U0478,4/10/2023,1/9/2024,Pro,50
U0479,10/16/2023,1/26/2024,Basic,20
U0480,9/11/2023,2/26/2024,Basic,20
U0481,8/10/2023,2/16/2024,Pro,50
U0482,12/23/2023,2/26/2024,Basic,20
U0483,1/23/2023,1/22/2024,Basic,20
U0484,9/7/2023,2/16/2024,Basic,20
U0485,1/10/2023,2/25/2024,Basic,20
U0486,9/3/2023,1/30/2024,Enterprise,100
U0487,11/21/2023,2/12/2024,Pro,50
U0488,4/10/2023,2/17/2024,Basic,20
U0489,10/17/2023,1/17/2024,Pro,50
U0490,6/29/2023,1/26/2024,Pro,50
U0491,8/11/2023,2/5/2024,Basic,20
U0492,9/7/2023,1/1/2024,Pro,50
U0493,5/27/2023,1/8/2024,Pro,50
U0494,4/6/2023,2/18/2024,Basic,20
U0495,9/14/2023,2/4/2024,Basic,20
U0496,11/21/2023,2/21/2024,Basic,20
U0497,1/4/2023,1/15/2024,Basic,20
U0498,1/16/2023,2/16/2024,Basic,20
U0499,10/7/2023,2/25/2024,Pro,50
U0500,12/2/2023,1/22/2024,Basic,20
